packet_length,flow_duration,fwd_packets/s,bwd_packets/s,flag_counts, Label
1166,64423,58.80583780900792,11.573760667870536,3,BENIGN
1499,92022,2.9394445756507293,15.432156528307939,1,BENIGN
900,58167,39.551516984901525,17.18484813270945,3,BENIGN
1334,49476,60.618871356117154,63.78770926636339,2,BENIGN
1170,45687,59.77235652558643,74.09812502745785,0,BENIGN
1135,37076,79.29560946056316,52.999152292641874,1,BENIGN
1084,67684,65.50093388321085,82.9017732545491,1,BENIGN
161,78577,99.21333163406723,99.12632267336332,1,BENIGN
506,42633,28.3854528608645,82.0012629119356,3,BENIGN
1278,1928,35.915102966623145,69.48823736759591,2,BENIGN
370,2017,38.38471518677963,53.24926994371466,1,BENIGN
127,20718,46.581280702024856,44.88530716747082,1,DDoS
1436,32354,83.59980637812095,8.439238054454234,0,BENIGN
1163,47462,23.579209395920987,39.93687483946909,0,BENIGN
911,20228,77.60002070354295,91.01346367821343,2,BENIGN
170,59483,40.53101830857434,80.8022629906553,2,BENIGN
1372,65645,60.18553836620085,21.60513650116872,4,BENIGN
809,82280,63.25405332263061,46.660778469721585,0,BENIGN
383,88058,37.28486371889345,81.67232025585446,4,BENIGN
1477,9965,51.26152052058052,6.738455478552252,3,BENIGN
845,2319,41.3031174647697,38.73925856686593,4,BENIGN
425,39909,6.913278618661945,85.18412368739476,1,BENIGN
1255,5387,43.71653888168265,40.389786417012374,4,BENIGN
995,34487,9.739339255355217,7.761464473144086,2,BENIGN
316,8612,40.50207990803215,54.253436853225146,3,BENIGN
1224,1442,59.291839983178185,86.17424949182954,1,BENIGN
499,63176,57.941489934350074,59.02855429531597,4,BENIGN
1377,19316,66.26212790083204,22.627910821423182,3,BENIGN
61,93170,9.526150795462629,38.423962013738134,3,BENIGN
292,79867,65.21232455304379,45.01233611819322,1,BENIGN
787,97929,31.214805669644708,57.92663538205268,4,BENIGN
896,26714,39.90459461371111,75.93510257526131,3,BENIGN
514,36358,85.79862539227058,9.88736176406354,3,BENIGN
1122,93889,0.9030404129550251,88.96520330175663,0,BENIGN
550,42178,58.84126333406054,1.230970301607559,3,BENIGN
739,83624,59.87139801001076,37.005233467425526,0,BENIGN
1015,96673,39.665977634356196,2.7420309972657653,4,BENIGN
229,12319,23.702785710833616,39.297422534529126,4,BENIGN
997,335,23.46740382615511,52.58125988733238,4,BENIGN
726,43029,88.37096696607526,51.16813865815117,2,BENIGN
997,67544,44.20243737828575,16.562834702826535,4,BENIGN
602,8667,33.08893629891719,64.57405100956123,3,DDoS
1307,70892,44.877757383140306,4.477845050466822,1,BENIGN
871,65541,66.93904014593613,76.19068201324154,0,BENIGN
1194,84655,14.57565682447517,94.66444339935462,2,BENIGN
686,73798,44.94338352137377,33.97688271511179,4,BENIGN
60,5515,58.7884371110387,51.72393817143319,4,BENIGN
880,36259,94.85833548514337,37.891027805881436,1,BENIGN
206,44025,25.252778207541926,0.6710390304059954,1,BENIGN
1337,6051,35.92507479162455,38.587450289511594,2,BENIGN
427,87488,37.93585899224238,79.17202592613465,0,BENIGN
640,8107,60.553815764488284,59.59888421834818,4,BENIGN
355,41932,35.67320530400016,10.125991461515893,2,BENIGN
53,58696,53.35119252996956,84.7139489693785,3,DDoS
281,30623,78.17903298450294,53.108534488524285,3,BENIGN
816,88961,70.53855941122036,84.17233617446762,2,BENIGN
1409,86840,44.636864651258556,58.02215187850294,4,BENIGN
604,15624,86.42161776741689,55.96884448379399,2,DDoS
937,19382,55.81402495938629,10.52591851970124,4,BENIGN
1403,24030,53.99058395022125,16.735973313862797,1,BENIGN
131,177,3.4187765939158177,97.20252564965911,2,BENIGN
1430,20711,98.66929803571615,22.848674675477078,4,BENIGN
995,17084,12.297080852962672,97.7452117990368,2,BENIGN
1491,14160,23.11309124276466,53.19127065242634,2,BENIGN
548,83085,5.169683724152696,13.578904706393713,4,DDoS
815,84156,64.00029668369137,9.930220275369294,4,BENIGN
74,43403,22.470117697267998,20.886407070574,0,BENIGN
245,59307,18.001043747272348,92.56373300253358,2,BENIGN
1144,75146,8.855558422324139,41.41502243282268,3,BENIGN
1451,29387,10.330895712401567,39.54342679929144,2,BENIGN
1065,93809,58.467070044258875,31.320626107017404,2,BENIGN
1061,39811,68.82078658665954,14.706185056658839,4,BENIGN
1453,12054,39.7378988464401,48.78511971924064,2,BENIGN
605,73440,47.989708159207325,13.00477825111387,2,BENIGN
1169,72201,68.59677359829841,83.54802363823276,3,BENIGN
742,71620,1.7379790185479638,37.03969862753065,4,BENIGN
441,87162,32.31306570702785,37.48035677817963,2,BENIGN
769,18674,97.30977480703464,47.40064284831559,1,DDoS
201,9284,58.01122296954681,44.41277131657516,0,BENIGN
241,19196,25.422457989749326,99.48579730593215,3,DDoS
1035,67828,52.17300466362131,54.53811212183025,2,BENIGN
309,34116,34.26534881209153,8.820170378987068,1,BENIGN
855,11346,53.22449888262991,60.687734157692994,2,BENIGN
1334,45658,12.574151180664883,15.158429286987996,2,BENIGN
495,18481,13.271465381927738,3.0937644731341973,4,BENIGN
1315,36555,14.354236203939285,97.07421536772482,4,BENIGN
1056,92363,93.98197919268418,77.3538891534564,4,BENIGN
335,4118,73.28989183413418,98.01089924137669,1,BENIGN
759,11402,16.23818946623209,47.78784480222424,2,BENIGN
377,67606,18.834908376560143,53.225753114897614,0,BENIGN
918,41257,73.08294748708764,16.833695591913024,3,BENIGN
1116,55017,15.616384479217393,24.69074266675856,4,BENIGN
831,92838,23.456129333482867,83.85492149028282,4,BENIGN
256,96746,96.3346832820399,35.61856471175942,2,BENIGN
803,83222,25.530652472843187,82.6814973796419,2,BENIGN
227,24619,66.16323503711467,70.90137242870318,1,BENIGN
419,96909,97.86312874005304,17.71709252718655,1,BENIGN
532,87587,37.42967671397926,50.744636611974215,4,BENIGN
1104,56919,1.7515990862062236,67.73873215187169,2,BENIGN
1220,81010,24.414729042237425,23.50372148038251,0,BENIGN
54,71424,83.08771913417054,83.06885105200769,3,BENIGN
104,5508,86.46088359550367,54.48276575451868,2,DDoS
560,59479,76.85193645237912,16.52420504426032,2,BENIGN
1407,25153,11.310981907657302,58.29844261646024,1,BENIGN
1192,9546,79.55103716964031,99.9713804155914,3,BENIGN
687,1022,91.86777969935042,15.052149166341355,4,BENIGN
1126,98823,60.06095425462361,81.67569301195282,2,BENIGN
1202,51456,94.08753563380648,20.730900318755797,4,BENIGN
632,10889,82.68388837118775,78.23883294600873,2,BENIGN
431,97820,66.69715169909072,73.45779231214132,4,DDoS
458,66756,57.718523671174815,30.048938560043236,3,BENIGN
328,44128,34.85736672419705,32.58231175644498,1,BENIGN
418,64584,15.928744524280514,79.25213919629192,3,BENIGN
270,32254,60.49539226905408,46.14455118873126,0,BENIGN
1057,82970,31.81115536181195,73.08180287118088,1,BENIGN
80,2436,86.64386675276454,14.798414736583476,3,BENIGN
1091,67879,99.33369373586285,85.25577819015535,0,BENIGN
174,19129,75.24277626155725,71.08847166823192,2,BENIGN
240,59301,9.048169528705074,90.69428088348339,2,BENIGN
819,32365,28.86855955306381,13.237237903497245,4,DDoS
969,43972,10.910963176574972,59.30145003605977,1,BENIGN
1096,46297,65.05116477917157,59.912058504032515,2,BENIGN
1111,55280,76.51908645557846,35.34607405467825,1,DDoS
542,23810,92.56748308807119,45.84664245692578,2,BENIGN
446,29586,43.817234641198766,3.798156328985347,4,BENIGN
844,72007,90.13756495884444,74.5860038627012,3,BENIGN
138,71995,87.78911590413276,54.9322479403174,4,BENIGN
723,64535,31.71957167653986,5.774105186917378,0,BENIGN
765,40731,86.8900625540571,68.07558929604855,2,BENIGN
1000,20203,37.56722518817265,46.67820772311879,0,DDoS
652,64872,29.68692745602808,3.4461259425,0,BENIGN
682,14482,64.90746587943931,96.96077268480954,1,BENIGN
1068,84391,32.83812278850811,94.91121430894405,2,BENIGN
1281,3856,63.02087483291442,51.290241614719754,0,DDoS
542,20709,60.98318054986945,9.36724207059102,3,BENIGN
806,16578,56.34389273484588,75.46212215985918,0,DDoS
437,39766,38.04197042327977,49.1931100105729,3,BENIGN
910,75783,54.849972165147676,30.24474782893799,1,BENIGN
834,99197,59.64854749854216,49.14181775285568,0,BENIGN
432,71415,54.56868884954734,52.244414540546444,4,BENIGN
246,77934,44.441945275120155,56.27116990223392,1,BENIGN
1078,14253,1.466705704626381,44.12237136553265,3,BENIGN
931,76425,58.706170770115094,60.575530313905666,1,BENIGN
903,13099,16.844438514271964,91.87347106063774,0,BENIGN
782,55418,64.25759689471896,36.226808709859114,2,BENIGN
1304,914,75.9344327922866,72.5716463219949,2,DDoS
603,76177,50.04453091307415,89.44525568242322,3,BENIGN
1060,90574,54.23636649797383,45.597927575993694,3,BENIGN
135,2543,95.14785596659911,44.34558363819041,2,BENIGN
524,76093,84.71673613725741,60.21169853547795,3,BENIGN
1470,76016,91.42365159514699,59.14067594224881,1,BENIGN
270,73419,81.37662883195864,80.6589342326277,4,BENIGN
788,17468,10.891834184673144,47.64833837782927,4,BENIGN
1234,15428,14.899185597019471,99.61229496394411,1,BENIGN
580,57042,52.662379726895956,5.947156886728077,4,BENIGN
1099,91851,24.606965879799823,0.31678485807017376,0,BENIGN
564,99231,47.66954750411592,64.01983115596238,1,BENIGN
1223,27406,39.43653238183502,29.84349123618767,3,BENIGN
1306,85551,54.941423843045335,24.03823886994838,1,BENIGN
1149,40015,74.68757161358226,31.189908000428048,2,BENIGN
617,37319,71.54909070992744,25.60475651049543,3,BENIGN
721,80979,52.12341324853343,3.079004966044785,2,DDoS
596,64744,82.23934188170581,97.15330423905887,3,BENIGN
1052,60379,43.08620915380333,22.074548845278173,4,BENIGN
685,53128,89.67142898401224,73.40297625893064,1,BENIGN
835,226,7.12802700551639,76.25963946941752,0,BENIGN
1091,52429,95.46600300333074,92.92573980072292,3,BENIGN
1403,27732,65.46930814313482,3.0549457093379973,3,BENIGN
1394,65410,38.00745089372053,87.20483384470077,2,BENIGN
1411,55276,19.715412657287736,52.722618083980024,4,BENIGN
1294,86166,47.91832294435999,63.25441099658279,2,BENIGN
229,44427,19.4558323185301,64.44702771210336,2,BENIGN
1288,69004,16.633160774314216,81.97978049847275,4,BENIGN
1448,3897,61.73517574129742,33.34073221591105,0,BENIGN
1440,47982,52.30847245817847,73.30511898599934,2,BENIGN
1346,13818,67.00960346109417,52.85781097221971,2,BENIGN
672,34660,92.96058774219892,79.33940143053478,3,BENIGN
667,76689,53.226021333904015,99.05460327701334,4,BENIGN
1012,22216,58.09320532627977,20.06510174037612,1,BENIGN
1322,36344,8.962633915494212,99.46486415599979,0,BENIGN
1422,1745,71.76357859086295,8.9812154282774,0,BENIGN
749,47623,39.99052068041562,0.23175479048138659,4,BENIGN
1474,19356,97.67252386625789,4.416193617783126,3,BENIGN
688,53273,82.31740155956602,34.17824047367617,3,BENIGN
357,37530,52.24810405161183,63.290633067843416,4,BENIGN
1288,39382,12.322265417216604,6.902954088784963,3,BENIGN
1297,63474,85.94157932805892,0.566581452956727,0,BENIGN
723,68344,79.97810954240217,93.70910284587947,0,BENIGN
703,11794,18.4585129537033,82.19266359399296,1,BENIGN
1437,56364,29.527828922031006,80.9183171139031,4,BENIGN
1296,75160,79.34072581478372,88.4424275501977,2,BENIGN
1176,97516,18.522844654740965,70.00342727721043,2,BENIGN
481,57645,91.77524891713773,10.440412974808144,1,BENIGN
603,39324,42.45274251963619,39.9100188073723,1,BENIGN
1331,98045,8.703896258765864,72.31494864646295,3,DDoS
1449,13324,81.57486435042809,28.033446079152093,1,BENIGN
1450,40838,37.35096830383876,68.74063641362376,1,BENIGN
1176,25250,52.6499194153781,2.449844826765235,2,BENIGN
991,63831,11.230434441121917,30.613734087959322,3,BENIGN
1144,49788,0.2584014844982385,54.91303362771727,1,BENIGN
738,73609,63.79852057932977,63.208982950624225,1,BENIGN
152,8677,51.51751703337316,57.704066446191085,3,BENIGN
41,8170,59.35385691231472,69.77562760734295,4,DDoS
681,8766,79.37438503805163,0.608874823983907,3,BENIGN
259,57861,64.66059134228601,10.094119997752149,2,BENIGN
894,36468,17.477344282737718,86.89442522791451,4,BENIGN
1288,6883,36.07725191105998,68.17486440901612,0,BENIGN
424,42014,90.58911047877604,11.29316426860113,3,BENIGN
1466,70607,76.9944700251679,84.20744373985792,2,BENIGN
1193,79126,55.663705793671724,24.22312178245669,4,BENIGN
1116,67626,25.56449978092723,47.825988419522346,3,BENIGN
769,70935,30.206050183479505,14.51965128846603,1,BENIGN
1479,45865,73.19580675856345,71.01100564217066,3,DDoS
286,20056,85.11742608527709,66.68544210142679,0,BENIGN
875,87995,67.14246695306144,21.11124711661362,3,DDoS
242,46340,80.95299757684418,86.34007668570018,4,BENIGN
1247,37248,76.6656135200406,40.13060242197122,4,BENIGN
162,94370,14.970396795695773,29.25150910707418,3,BENIGN
440,4857,42.3944812913302,15.232958946453545,4,BENIGN
806,19197,15.298380082856266,26.616801251553746,1,BENIGN
333,10495,23.52355848019848,2.2026921223816998,3,BENIGN
319,16341,86.92596246510526,58.32574924561156,1,BENIGN
923,27796,47.289196563318214,84.22307463439479,1,BENIGN
237,70580,53.53581018426608,54.898044944164184,2,BENIGN
1021,46263,17.844596522777213,21.927396192387572,3,BENIGN
791,19916,31.2271786048796,3.366917821387272,4,BENIGN
183,49940,23.024616842786994,21.462807325880284,1,BENIGN
648,52953,20.61861645184264,41.61214280710923,2,BENIGN
1264,25017,63.796079331597014,75.96114286997965,3,BENIGN
1187,96831,25.68838476457148,18.784285253777412,3,DDoS
226,21666,63.201548602041846,71.97914533546862,0,BENIGN
1389,75552,5.845461410855391,86.69334683518836,0,BENIGN
503,62923,14.177439352710186,45.394684810835706,1,BENIGN
1412,20906,27.45402540001254,82.14319916425933,0,BENIGN
699,75620,59.70469168956917,55.46573480350956,1,BENIGN
803,1859,67.5841245087376,63.709083708090496,4,BENIGN
994,42049,44.27169667795271,52.62784603382027,1,BENIGN
442,92474,44.579091457722896,46.31727167513417,0,BENIGN
1409,2582,72.45168513986181,23.465344177584935,4,BENIGN
186,24542,1.582109176558244,30.319405946104606,0,BENIGN
1211,33819,34.10900244742206,28.997011894360902,1,BENIGN
903,58166,81.87070571192328,56.328893095381474,2,DDoS
528,93601,60.321941021337224,11.995369302388992,3,BENIGN
968,2179,33.722713275542034,91.67916907023351,0,BENIGN
590,2817,90.55247923296739,72.06551452831133,1,BENIGN
377,59776,77.26227274493826,40.14456309131936,4,BENIGN
911,28052,26.48954472367334,15.862414452637797,0,DDoS
680,86544,64.52898375257169,88.19921697216358,0,BENIGN
512,42560,59.57507281889567,82.37780901011652,3,BENIGN
190,90497,40.11879140389827,72.17215527171793,1,BENIGN
1478,72947,36.695607920480064,27.154704741124235,2,BENIGN
1361,93707,34.35604747757039,40.24466374336689,4,BENIGN
302,89206,61.71557833956468,10.274825245242337,1,BENIGN
183,18549,44.24099364806695,18.903952472753172,4,DDoS
385,33636,83.1863113251422,78.30166373167329,0,BENIGN
663,64177,66.96026161339618,71.50387188506838,3,BENIGN
1056,38358,6.993160570943413,59.34857629759347,3,BENIGN
920,48402,64.01682238281661,89.57267259261728,2,BENIGN
41,28965,27.11474365001848,58.32665178130454,3,BENIGN
936,6745,59.28119916534227,46.69679999636107,0,BENIGN
1367,38100,68.01319311034514,34.03707463057627,2,BENIGN
293,26837,23.08291891540121,94.04485057361725,1,BENIGN
492,11585,45.68586448803686,8.271546152435349,3,BENIGN
1100,38665,19.03248628190678,93.08873720608084,2,BENIGN
1223,25622,5.233887578650831,82.67146599310183,0,BENIGN
1054,65255,37.84764234858691,12.992992453570128,4,BENIGN
48,55268,36.2944271845992,56.49843576752536,4,BENIGN
1296,52587,99.5480490704257,86.65479817490869,0,BENIGN
1162,12442,44.63523511976422,57.18091636071537,0,BENIGN
855,40906,33.35695494722004,90.71998215606223,4,BENIGN
247,48870,58.047500671667464,94.29838168160425,2,DDoS
1194,78723,8.876739410776846,42.23845221843059,4,BENIGN
443,99885,96.16657359548132,37.73136614063236,0,BENIGN
191,75729,63.49600455910331,93.63211539691568,3,BENIGN
93,52703,75.48378199408478,67.5140061149668,1,BENIGN
1183,82074,17.047793817391753,11.602268134816928,3,BENIGN
667,26499,40.94778530052039,4.22917492226812,3,DDoS
626,85482,42.26891133961895,56.46290509972631,0,BENIGN
1483,81344,82.18064439010868,93.01709654384246,4,DDoS
1485,76634,0.12366797594094425,84.42487024058184,2,DDoS
143,55206,30.085310835325508,67.58477464643364,3,BENIGN
293,30778,98.12363743443039,13.911584889108752,4,BENIGN
1290,76318,47.488654350621864,25.42313837486956,2,BENIGN
1175,63330,38.25262802440083,87.55112265526162,3,BENIGN
549,74155,11.982900201764634,18.280723665690047,2,BENIGN
138,56473,97.41646286280155,27.843940825043457,4,BENIGN
192,31580,2.002635592582447,12.960065119544195,1,BENIGN
953,85330,73.71802250072432,67.61082314144112,4,BENIGN
917,68936,76.85998047885084,94.39823053632097,0,BENIGN
377,72358,24.365671606386663,26.896803159538596,2,BENIGN
861,40086,67.15584436130374,47.54066078500737,1,BENIGN
1226,24260,9.292914437938993,63.43397397112043,2,BENIGN
996,85695,25.704726643207987,99.94662482156306,2,BENIGN
200,79211,78.7901988292265,10.480806499757211,3,BENIGN
840,65029,86.46861920335402,49.85707995057091,0,BENIGN
437,73606,60.84864126597913,38.51201199025,2,BENIGN
1340,35011,50.683843182048264,86.58201652223552,4,BENIGN
855,87227,15.93040206189803,47.59677310116559,4,BENIGN
1455,31921,6.310903307915017,11.097752458514808,3,BENIGN
1198,75139,11.764902847355863,63.44241452865836,0,BENIGN
1258,60635,22.735730009609878,77.07806182638798,0,BENIGN
440,84558,34.16745018969208,0.28812516656145926,4,BENIGN
679,12275,38.090952551098724,85.89566854206295,1,BENIGN
1096,54871,34.63217685890035,18.60230000056656,3,BENIGN
727,87025,23.90553321972656,55.20693646533778,3,BENIGN
499,66458,50.97242467516981,41.579750068745014,4,BENIGN
994,17427,82.52861082328968,71.96538166105304,4,BENIGN
509,47157,27.970353847147923,37.116161478574185,1,BENIGN
1438,6250,94.23870191022331,86.97631766817108,1,BENIGN
1085,4525,87.33366617238478,73.04963609587902,0,BENIGN
789,16132,16.176421135210962,64.77131710629214,3,BENIGN
77,2298,78.62759567570944,79.62405955628543,3,BENIGN
269,60600,57.458738231776664,75.40230349283823,4,BENIGN
1428,53494,56.65753621714186,3.5938674921553337,0,BENIGN
602,20179,39.10427630581744,39.47343538448281,3,BENIGN
477,36320,50.115299918200975,93.08072973164899,0,BENIGN
1346,41974,39.717877742921104,12.572426899222622,0,BENIGN
66,13959,53.97326187599428,73.70965504320512,4,DDoS
265,50560,62.795005277263584,97.45918113353297,0,BENIGN
1340,31519,67.43038064090484,5.219862904497163,1,BENIGN
837,8805,53.24811925594262,68.21938806266104,1,BENIGN
323,42980,72.14220673287318,46.815414130103036,2,BENIGN
918,23336,14.12780492755058,57.917525537472216,4,BENIGN
999,88055,21.198249090223854,8.534133648432485,2,BENIGN
492,85614,81.87350040742702,4.3006951866939485,1,BENIGN
1059,15458,32.252797784641515,66.68666605509218,2,BENIGN
855,99813,2.2893824976120247,82.33094298207179,4,BENIGN
698,95014,15.379114966803108,78.20153349329672,4,BENIGN
586,77018,22.361443449631125,54.38057278662374,0,BENIGN
1255,14696,95.73228878945872,9.986682113617817,3,BENIGN
1112,33672,57.30414289308493,68.80444438360138,0,BENIGN
56,78857,93.27307404762549,24.188888355414594,4,BENIGN
1235,1379,57.516335049662494,91.10687027673836,1,BENIGN
1283,63297,47.93544401378518,83.82653595457049,1,BENIGN
197,62616,31.372769119409604,70.93829670873909,0,BENIGN
516,7183,60.63709444333756,94.88459558311304,4,DDoS
1109,17871,13.919802461752983,3.142182151127293,1,BENIGN
1436,30075,89.82616272927059,73.6200425060762,4,BENIGN
557,45748,82.93324051412837,33.02427793364053,1,BENIGN
138,48385,31.753144787673705,90.60658856863652,4,BENIGN
1100,19163,95.27975276012943,26.66751966619776,2,BENIGN
319,67742,82.5200767415568,72.48564993150171,4,BENIGN
1412,90193,66.63068858350397,87.76470196507815,4,BENIGN
536,86243,12.17619111252748,4.165681838268243,0,BENIGN
341,37699,47.823402304807225,39.764757959203614,2,BENIGN
220,52020,50.61075548467508,76.23090320219387,3,BENIGN
646,28629,23.25513583653801,45.49188895075871,0,BENIGN
1162,36054,7.9965394359301945,26.72526297935953,3,BENIGN
739,27956,77.67236304716927,21.980534882319002,1,BENIGN
1032,2673,12.203505212439502,13.15182669163779,3,BENIGN
1179,78444,59.429075056177474,85.71295598562823,4,BENIGN
230,35467,93.64491738836605,57.5355403251556,3,BENIGN
292,99708,87.61051925980425,7.638494499145598,0,BENIGN
1020,60874,27.775262374926115,38.25803235706354,0,BENIGN
967,23852,85.14486375512654,36.77336508051099,3,BENIGN
1224,55129,0.03325061204894064,18.173919070946297,0,BENIGN
1319,17785,1.7687809613257222,43.550762547219065,0,BENIGN
1386,51793,60.255316384286495,33.209936539313645,3,BENIGN
167,56061,36.47982191445295,34.18037054921825,2,DDoS
57,77008,38.64608411591471,73.90265577879586,2,BENIGN
605,74632,56.44410906788825,22.32633855051963,1,BENIGN
609,82094,19.17824555918606,64.18599588553555,0,BENIGN
1386,56233,21.175535066547834,57.06496238809349,3,BENIGN
725,97525,48.46015870188647,56.809251233786725,0,BENIGN
665,61368,75.4253544343863,66.30073461417759,4,BENIGN
1351,92301,61.94977514075877,54.8382036195654,0,BENIGN
893,38343,29.73550482368389,87.92551148463846,0,DDoS
1001,57484,43.03371775089212,67.55800919502597,2,DDoS
194,31753,17.06647585499984,54.696325137138814,3,BENIGN
529,26757,7.462981433708171,82.97631202876448,0,BENIGN
1449,40052,78.26960407441493,60.61465649334797,2,BENIGN
824,22280,26.53874091881946,29.1144247785179,1,BENIGN
1167,97532,17.77663878512482,20.70949181765712,2,BENIGN
1456,78511,69.16180555693194,15.232778566267879,2,BENIGN
285,1722,61.8051674287186,89.94552125461016,2,BENIGN
1239,48856,63.318962601346406,71.01354317980658,0,BENIGN
1102,40909,22.889460484661363,93.73784381643208,0,BENIGN
798,16825,23.2645538562681,60.3291805714943,1,BENIGN
577,61496,22.080262978563916,47.34008814949126,4,BENIGN
960,51326,17.375259566229452,5.971648897088933,4,BENIGN
447,81282,65.57236725616563,67.16422815460298,4,BENIGN
564,82665,84.80158852494014,58.220875976823116,1,BENIGN
867,29502,72.43174696766613,99.02088935876215,4,BENIGN
942,4363,79.20936337605433,23.915877778224303,4,BENIGN
75,96623,40.479842908519984,53.073735528683585,2,BENIGN
724,46928,65.40757953719981,65.09573351180727,0,BENIGN
59,48024,35.42362404447745,64.45911747423436,0,DDoS
360,74282,52.550462196864004,56.12935429484027,2,BENIGN
551,93165,48.163484653486236,77.69280103272254,2,DDoS
439,59152,17.68871451438544,20.498120952681642,2,BENIGN
693,11764,38.70787603356308,72.56272002744159,0,BENIGN
1011,35837,96.3822275482351,61.97345714330892,4,BENIGN
510,89663,24.85802577149421,89.60751117945733,2,BENIGN
1206,29473,13.380373627948872,84.71944390335817,1,DDoS
1155,36497,41.85806216239353,31.514703913255325,2,BENIGN
1417,86245,79.03377358601482,27.623732497515306,3,BENIGN
873,38809,58.21482297799723,98.16533238524478,2,BENIGN
766,61220,68.09748272382446,52.726518091525655,0,BENIGN
893,19350,18.96948481746772,90.64209639144369,2,BENIGN
90,21272,61.894819300772156,16.38810237804822,3,BENIGN
614,11655,32.35003949114738,64.28189148001742,1,BENIGN
1253,87510,83.43033659547675,80.98601873605861,4,BENIGN
1188,78717,62.92988060107362,94.73952495864468,2,BENIGN
189,53376,19.885627777529592,33.73401410170235,3,BENIGN
353,57592,6.4616679844086145,72.49811699240524,3,BENIGN
609,53102,4.263320928703274,53.8813009039619,1,BENIGN
1405,89699,37.14085676501407,6.06289260664682,0,BENIGN
344,72455,26.585113665431347,68.99997373089434,2,BENIGN
721,91348,64.60901234625081,69.00965582378434,3,BENIGN
877,24862,49.933383497861826,93.0606804846537,1,BENIGN
1117,11146,26.60192780053807,49.73124461689724,4,DDoS
1042,97099,14.923777795017612,23.025092071051468,3,BENIGN
483,28869,12.71997626874496,4.456382344867915,1,BENIGN
652,53402,86.46603921404177,41.56421866859057,0,BENIGN
1032,23250,24.347796840486723,30.191670007750183,0,BENIGN
303,68347,65.17106479109684,76.10883060238756,3,BENIGN
1116,4953,81.06859279862663,35.426776484104664,3,DDoS
1043,94713,61.408131118473605,94.90711963148439,2,BENIGN
44,89499,85.95652316469457,96.23102029877842,1,BENIGN
1166,21892,39.23937215284745,62.090859021770804,3,BENIGN
1259,59229,95.62221906489484,92.86602870148829,2,BENIGN
813,74578,13.314500417809693,76.08543445144956,2,BENIGN
916,67398,10.21495296575381,54.68596409751262,3,BENIGN
1031,32087,65.86921462074436,18.030793542277813,0,BENIGN
923,15950,94.28311414132618,45.859794351384,1,BENIGN
1413,12212,80.8883461636328,56.087446336261756,1,BENIGN
86,24158,7.641685943805143,86.39615807350101,0,BENIGN
906,45520,27.936771393471638,48.133337653566485,3,BENIGN
862,38990,93.03188848378237,89.76746726779567,1,BENIGN
975,66117,25.305843280078456,67.43489790234689,3,BENIGN
695,47404,78.11704237869192,13.699906305367138,3,BENIGN
308,33021,82.51321959287039,99.4981369325093,2,BENIGN
409,1624,49.54521034609818,52.723266075391265,0,DDoS
675,15148,38.63489098483155,39.18582964090789,3,BENIGN
1169,35211,45.012443241975966,65.91137644695266,4,BENIGN
696,38004,22.696469436536415,10.889331398103907,0,BENIGN
159,55012,88.93909161288443,63.653864675335434,1,BENIGN
870,34108,45.06196567297579,49.82360004992729,2,BENIGN
1121,160,88.24594404560997,40.667406999858315,1,BENIGN
1409,74766,10.56934799062741,95.30200211788991,1,BENIGN
780,83659,98.82752710001313,52.25397167320532,0,BENIGN
156,55437,44.32730874436183,21.91174794699384,1,BENIGN
830,13450,4.783082039410546,45.896347937729864,3,BENIGN
1190,24454,3.8021848237454914,91.93874045726727,1,DDoS
1456,45286,74.62072574818386,17.609547133059465,2,BENIGN
1052,28245,65.90355342036808,21.39570386882369,2,BENIGN
1121,34120,80.21305581275875,1.3029567757083749,4,BENIGN
673,86223,10.536753395280595,1.419004939576718,2,BENIGN
552,75286,3.557086703554835,82.93916269585125,1,DDoS
841,85569,50.857928944757845,73.21226068429559,2,BENIGN
1159,20681,38.759523148276955,35.50410564519583,0,BENIGN
1181,89029,46.19469366709558,69.83111572275727,2,BENIGN
599,23151,99.1588408870274,39.52059263099702,3,BENIGN
527,51574,97.07499576706702,95.28967959978274,0,BENIGN
1300,91848,94.23153896731928,96.70526814260349,4,BENIGN
936,69726,78.38426767676738,39.27937758093434,3,BENIGN
1335,7060,35.48413602568904,85.4221906340868,1,BENIGN
1252,35872,41.21309302627716,77.30890416974661,1,BENIGN
743,21620,54.96160437189245,30.99999371717893,1,BENIGN
620,49581,83.05344564048399,23.2039828901106,3,BENIGN
829,36508,6.871283251826776,45.823465039283384,3,BENIGN
900,94106,42.429688588488816,78.13488406144063,3,BENIGN
286,57234,8.261766345926869,96.01677847287455,0,BENIGN
1139,20591,51.46575865735116,76.35790688665726,0,BENIGN
193,1441,89.89008240062354,85.520698501837,1,BENIGN
1498,44723,78.24849245639379,60.30643061705165,2,BENIGN
1036,90427,22.784241754310997,83.54078308421259,1,BENIGN
1149,438,97.59908495987925,78.44208580034177,4,BENIGN
736,71531,66.73503980464284,37.69855419262801,0,BENIGN
1348,12354,1.0427699397403067,55.19903021207211,3,BENIGN
1283,51960,25.541348468521953,80.47531219896949,0,BENIGN
1132,11444,26.071329991991654,4.605673418995638,3,BENIGN
1110,1850,6.9254306285859935,80.80792823558299,4,BENIGN
1048,54856,95.9826518075929,17.788812404902345,4,BENIGN
133,68057,47.825529457592374,51.468361712143896,0,BENIGN
997,58153,89.5814597371882,80.82754395559377,3,BENIGN
1051,70955,32.221550344462834,25.382107815669485,4,BENIGN
492,15996,12.523357043282711,24.580743930615302,1,BENIGN
1267,55861,47.43361099062139,40.27643984622519,1,BENIGN
951,62652,11.395663471431716,89.46427975776345,3,BENIGN
257,77554,48.601550297753995,0.04427814372078842,0,BENIGN
513,90700,92.02971812194077,90.1383096641935,4,BENIGN
471,28035,52.07681418342127,15.380702464160779,0,BENIGN
380,37741,61.649972689508346,99.00863760674821,1,BENIGN
590,29811,15.66384369738083,95.48469930384681,4,BENIGN
1352,70442,4.373562587996949,49.467518959128334,0,DDoS
1317,12282,11.080796217980705,51.272024781262814,2,BENIGN
396,87933,59.853157568436565,48.154934027585426,3,BENIGN
62,56376,9.501169899230465,63.54436456595226,3,BENIGN
561,19641,37.59928899413114,9.072170223493103,2,BENIGN
1163,94557,55.009194045815605,3.2617948341566505,1,DDoS
841,82410,38.8652798629847,5.770292841589885,4,BENIGN
1243,44913,16.36838014653015,44.43653492415144,3,BENIGN
1286,37298,27.379130751410653,27.554793921948338,2,BENIGN
801,8920,92.8317532848577,62.203956237099376,2,BENIGN
481,24170,67.59822755863554,99.2442289374779,1,BENIGN
808,69868,49.60478386798866,38.63231730764659,1,BENIGN
1055,11222,1.2714889986893518,57.38412541045134,0,DDoS
1388,80659,99.24154004894702,41.56038959073355,3,BENIGN
555,73643,67.14549348946433,84.72716677218594,0,BENIGN
1079,83541,31.692247734494494,90.22364034622382,2,BENIGN
831,41886,87.92686599978381,87.73556122052601,4,BENIGN
375,95034,25.84316202918181,97.43722386792577,4,BENIGN
297,99904,54.40165791827516,2.751918514041529,1,BENIGN
536,6837,63.607076372982505,83.9816162145531,4,BENIGN
935,36162,22.106337145372844,75.17721730390933,4,BENIGN
199,54337,97.83972788005958,22.86944094003648,4,BENIGN
891,51671,74.81919059789975,95.63200933875275,2,DDoS
729,25610,55.781322551106996,14.817792822994546,4,BENIGN
419,19526,18.059459817530087,67.95499271339084,4,BENIGN
996,37365,5.385820699802613,22.489021681591247,4,BENIGN
730,17950,32.005983252098346,43.138064877407466,0,BENIGN
1490,66250,75.31873359134028,71.9159896944569,2,BENIGN
1331,87412,26.933129830202507,56.33246420330467,1,BENIGN
1480,89713,53.95562204955051,42.75018313281117,0,BENIGN
1231,75010,72.79471767307432,32.63384309319872,3,BENIGN
1106,52475,10.794371464646435,83.96596557087904,2,BENIGN
324,35535,68.52980161158733,14.38143503148137,2,BENIGN
436,96543,9.18708877100447,43.010287652980004,3,BENIGN
51,57232,96.51297421269966,90.37575717751422,3,BENIGN
1365,79045,48.839413006493956,84.58495504599676,3,BENIGN
1316,82150,15.067610770987738,40.09417624730467,1,BENIGN
538,95502,34.23836360335465,76.31083636013084,4,BENIGN
793,3083,41.34164492952615,82.31608307088592,2,BENIGN
74,97341,75.81850110765373,88.88874240036297,4,BENIGN
766,20762,74.34237860766093,54.4505769049228,4,DDoS
888,23610,61.194050533733105,20.44608860547118,3,BENIGN
129,78287,10.593071255849296,25.530907650393164,1,DDoS
815,41098,15.15693715876736,29.56946740416042,0,BENIGN
644,56946,9.375692064555663,59.38024808096155,1,BENIGN
1009,94171,57.71727832875501,3.280962412860844,4,BENIGN
1061,6740,87.71384415114039,63.60424687799683,1,BENIGN
457,44647,43.38005122547718,36.4354238428232,3,BENIGN
154,54720,16.08481739577462,29.524180248964214,0,BENIGN
656,15417,55.804232514896704,87.94965707281264,3,DDoS
1259,7664,81.17522168657099,46.00023955807989,0,BENIGN
865,27445,74.171206151293,9.505304553269278,4,BENIGN
1138,94323,88.14507796750213,82.6746768026247,0,BENIGN
452,79373,27.790209724886783,4.76412574365066,0,BENIGN
1439,74959,19.395386726777485,72.67492241681967,0,BENIGN
1483,80865,87.98164859419387,77.39062217706652,1,BENIGN
768,74138,65.75603127780231,35.260260592885814,1,DDoS
1340,52493,31.092893000755417,82.47878562777868,4,BENIGN
1060,66181,74.23480505725092,51.56594058564534,0,BENIGN
800,29530,81.51183844803678,46.32936532727968,2,BENIGN
715,75632,61.497824034113236,4.540328146869255,4,BENIGN
1457,27888,68.78841098799151,29.002919364890587,0,BENIGN
496,95605,37.52599044426663,93.10099708852998,0,BENIGN
959,48643,53.86956673430391,39.18239632835,1,BENIGN
231,14019,52.415917072616224,54.670052055676834,4,BENIGN
778,69446,84.80477911307719,53.20216789842518,0,BENIGN
1162,96222,83.99639802821825,59.04310898226933,0,DDoS
1017,40074,83.26804693470432,6.133095564328261,4,BENIGN
1048,16471,1.1031614262465794,36.21762547987283,2,BENIGN
135,45184,74.95454844688882,72.31282738825541,4,BENIGN
702,29729,75.86763901110048,20.056025107298293,4,BENIGN
1253,51284,67.83788228551418,20.357837754636044,2,BENIGN
76,62016,75.62646578914526,1.0090606689024728,4,BENIGN
1432,74072,84.19703714967088,43.748192660820976,0,BENIGN
318,62287,47.03190541017857,88.2734380673422,4,BENIGN
256,13084,50.20502134884472,5.190094358730901,2,BENIGN
906,33139,12.471405691139047,19.111870949600263,3,BENIGN
912,85531,38.53758830473618,31.008453834275507,4,BENIGN
1336,83791,64.33651799117843,73.17247365642129,1,BENIGN
101,58706,78.03997761472745,64.06355928025866,0,BENIGN
635,10716,21.720909769121054,41.5943904581855,0,BENIGN
768,50172,13.78228991592354,75.90689392583757,1,BENIGN
1405,24674,66.30420045004922,60.96310116569019,1,DDoS
436,3530,0.18798835249106416,89.60407996572191,4,BENIGN
738,12776,17.837258430732984,81.8026749138693,1,DDoS
1082,10916,2.9071380343953734,25.281360608920057,3,BENIGN
216,32833,16.688511785487094,27.14385776342002,2,BENIGN
435,85780,18.131927992550523,12.535647579238562,1,BENIGN
484,2150,38.76735947503942,33.69647257174565,1,DDoS
1296,34033,40.2327124686556,99.95439187190944,3,BENIGN
115,25051,87.42624706102377,40.5751168615061,0,BENIGN
304,32513,51.010971249882516,22.04884346891064,0,BENIGN
494,34901,72.34047656122863,76.2482884475553,4,BENIGN
757,55719,10.413735792028744,54.24710034626561,3,BENIGN
774,33013,22.543875546369385,14.960144952695254,2,BENIGN
1447,40700,70.29434409786768,38.06896811608658,2,BENIGN
890,57875,5.280396046852809,41.44697155393433,3,BENIGN
1430,90916,48.65976622437531,75.38297005692186,2,BENIGN
183,90193,59.936896566293385,2.0671368891904462,0,BENIGN
924,35500,60.214564405248105,26.901964679831046,2,BENIGN
1132,4594,2.293281126804203,51.7596301315522,2,BENIGN
1162,80788,32.21080042291855,26.884674245284334,3,BENIGN
435,89531,63.6490651049154,62.84340474189989,3,BENIGN
1088,74791,14.899973614924345,48.18674792746166,2,BENIGN
987,97519,69.54156483280532,36.17102548595806,1,BENIGN
930,43101,74.59252088136745,94.92086268705123,3,BENIGN
1214,67464,98.19691904461453,63.21594991864574,4,BENIGN
1207,45128,20.984199485640943,12.994137226794123,4,BENIGN
608,97759,82.51306676661152,56.00916974433955,0,BENIGN
1102,37673,52.0296576918654,78.0731853200901,2,BENIGN
148,906,37.34625961441734,70.84896974927973,1,DDoS
1105,56738,12.237675732517793,17.20892292952594,0,BENIGN
1249,29857,73.55056064875376,97.24199990401033,2,BENIGN
974,34736,23.585759914368708,44.8813645746606,3,BENIGN
437,80197,37.142200187304574,15.902500374026129,4,DDoS
1286,48380,6.254222689736844,18.019575412814792,1,BENIGN
673,24362,80.13669158195191,9.823499218908049,4,BENIGN
1196,80535,76.65885239716434,80.35181084349344,3,BENIGN
1226,62311,73.36158300423125,12.203049432184866,2,BENIGN
1278,54942,29.94435104918867,12.512525714174693,3,BENIGN
772,57079,17.348007426595725,85.04716147608377,3,BENIGN
274,81570,63.75532644702297,34.46040844475596,4,BENIGN
697,38297,49.616638411321944,3.085790430807245,1,BENIGN
790,41944,17.82524669046416,5.189529951841088,3,BENIGN
627,64854,68.59112710498637,14.217044670389555,4,BENIGN
1072,34257,99.11264318213037,21.339334797568952,1,DDoS
1137,77229,74.72195877420377,66.51461942384054,2,BENIGN
993,40142,73.99863866856118,15.732628000182824,2,BENIGN
531,61765,95.03127529305917,11.8874391177072,0,BENIGN
952,82956,20.29363675749022,76.47191414762791,4,BENIGN
1316,27476,56.55499649214404,67.10552838599145,1,DDoS
1293,55654,97.96467150338835,43.53242214552362,3,BENIGN
1237,14299,16.529411097017455,54.9309771480104,2,BENIGN
1231,81512,70.02519594445211,31.198402032641848,1,BENIGN
209,51048,58.5810145971902,48.25004202353607,4,BENIGN
1456,73881,58.647909218870694,50.66726489827458,0,BENIGN
985,72850,69.76706275200752,38.723727117809595,2,BENIGN
834,66362,92.96169228756843,90.65722106721627,1,BENIGN
673,46700,78.2581939851338,1.6061864981006146,1,DDoS
1257,76998,5.613610341621,78.21712630912462,1,DDoS
68,62583,85.27280198757113,12.438283124132433,4,BENIGN
1228,18397,22.554132992573262,79.75473605371994,4,BENIGN
1485,30548,37.6914164736372,61.59119156767212,4,BENIGN
378,26272,46.17328136123822,84.32780909364024,3,BENIGN
1428,42974,48.090600075306966,9.751432564089747,1,BENIGN
1405,7757,43.51803992553568,55.898063409977404,2,BENIGN
539,84486,93.73532942158644,50.108788026219706,4,BENIGN
550,25525,70.60190076640247,70.61931829633586,4,BENIGN
1390,26785,63.117064595670634,53.42905518936758,1,BENIGN
256,24678,4.984202778294156,54.07345671331042,4,BENIGN
1364,28931,90.39133302603747,42.95959435760647,3,BENIGN
1195,8006,90.93901920083962,30.883442400734083,3,BENIGN
1133,61513,78.02130634301024,48.226436125219216,4,BENIGN
1315,54128,0.7029203813619156,11.849235876840059,1,BENIGN
1478,7387,5.728025107762336,96.15133389830848,1,BENIGN
484,33760,22.522370226848977,71.44107636265983,1,BENIGN
915,75858,13.134940814490669,95.24671166878468,0,BENIGN
1245,60604,39.88360297037295,22.672738232996327,4,BENIGN
206,59820,92.26230580877896,87.9341020176528,1,BENIGN
130,34801,47.206043419699824,80.87899845635384,3,BENIGN
753,83400,1.340262643216561,67.71524124576736,2,BENIGN
78,17774,28.274568957876202,62.502918608520574,2,BENIGN
1189,83660,4.459490837296154,31.654966526787,1,BENIGN
212,23974,3.6287622613502157,81.64107849650307,2,DDoS
692,43742,27.571985309555224,50.15154614797338,2,DDoS
793,97920,27.56123386789454,7.089157589128536,0,BENIGN
1283,65260,78.7126602601604,31.286316085513,3,BENIGN
1121,17702,97.4834652781112,93.52970985453275,3,BENIGN
515,88901,37.12070938899983,85.06802606048463,0,BENIGN
495,26031,42.88868788610386,98.19056980765392,0,DDoS
868,94477,84.47894362860214,62.79933826040981,2,BENIGN
934,29292,26.813902009551338,24.751007314041196,4,BENIGN
1424,46642,15.638180440344795,16.281504967686377,2,BENIGN
1064,42620,85.30896234036504,18.691444060846163,0,DDoS
426,64872,4.650058644006549,1.9795658347254386,3,BENIGN
387,58862,61.96994401994157,39.06821109859392,2,BENIGN
229,50206,56.199284746680675,19.14276804995425,4,BENIGN
544,81221,34.59204475016943,41.16554604567024,2,BENIGN
1254,25659,31.5189521097359,93.49944318387654,1,BENIGN
1432,33842,77.18577261816213,43.05402095071899,2,BENIGN
1472,69769,8.642461076254648,87.79844969848348,0,DDoS
863,80299,23.67843093113854,60.55047666158765,3,DDoS
968,21854,73.24487318380898,24.71315546613919,3,BENIGN
973,4072,54.83205837264242,35.58547592592114,0,BENIGN
1180,70931,12.798820853358638,8.391953582142941,1,BENIGN
173,41973,88.213561428206,33.34625935960105,0,BENIGN
97,94761,39.34478465635915,67.7540945503534,2,BENIGN
724,10003,82.78683753221728,7.211109292943519,0,BENIGN
711,3120,78.77130155277086,20.540140847802935,0,BENIGN
212,41855,62.4425446471728,38.14410414133115,1,BENIGN
854,86056,49.448113129509295,98.20495370159625,2,BENIGN
1212,87088,97.95508403817568,78.48618229588801,4,BENIGN
119,45748,14.496507237981703,73.3486746492104,4,BENIGN
925,9616,72.51557275511148,11.619095652544598,3,BENIGN
1276,2496,19.1190701464789,78.09958936149914,0,BENIGN
242,84182,33.82631053323484,78.52688115160151,3,BENIGN
803,19229,30.869874337319526,60.110269562432826,1,BENIGN
1292,1691,94.7035987738723,99.0361781998372,4,BENIGN
1290,11403,96.73561777882752,32.525390592455196,0,BENIGN
1465,30661,18.301544423472716,94.12724482418517,1,BENIGN
86,71819,2.2035160297504186,91.47311149565036,1,BENIGN
1296,92208,72.00080396631131,1.1480659749377842,0,BENIGN
1368,99716,41.798993387048434,45.01165264748111,1,BENIGN
1206,86331,8.884024508756438,97.71042330515733,0,BENIGN
1478,7414,68.37541055770426,10.312136240807579,0,BENIGN
1436,19723,54.51055282606997,54.778469438331946,2,BENIGN
1322,67775,98.0516822001106,97.89575070411041,3,BENIGN
695,96926,22.740949586137894,55.549542410586014,1,BENIGN
510,65182,40.397787632654826,18.9815302972156,1,BENIGN
1010,83724,54.254580339542294,58.218323009258974,2,BENIGN
1075,33230,79.16999884533517,20.444057394954683,2,BENIGN
1393,51856,54.88386567200587,51.970426289448426,2,BENIGN
775,97724,61.29001608619492,7.4042217912348,4,BENIGN
823,26392,22.614705158994074,60.548266921440465,4,BENIGN
1007,86306,84.69187280885599,51.67899391281582,4,BENIGN
397,69374,42.86305469704757,74.0161368761463,0,BENIGN
1011,2569,14.095962752176927,63.0700471158785,1,BENIGN
1471,54047,66.41879145054173,54.96062685307567,3,BENIGN
707,22634,21.60904531853075,68.97788492481212,0,BENIGN
412,63720,9.756251023929973,14.394191357223086,1,BENIGN
1071,48974,86.19869084042723,59.535966125860405,1,BENIGN
1185,49808,46.016226448843966,17.211060282277767,2,BENIGN
1411,74653,74.92837126957764,92.55222078518808,2,DDoS
715,68444,29.05875598063551,6.833410484560421,0,BENIGN
129,49238,78.69701349176663,43.03747496907933,2,BENIGN
737,54402,11.193592702153033,69.57974776554448,1,BENIGN
1379,47738,35.597337379485275,45.80222116682587,2,BENIGN
1241,78349,97.80618179735285,9.209525323290235,4,DDoS
579,2819,79.39897163680061,55.337901612670734,2,BENIGN
771,22990,49.72559303146882,64.16319088273545,1,DDoS
908,77336,33.97774715618851,70.37923109905077,0,BENIGN
80,36609,87.21357000224765,37.32598144627589,3,BENIGN
779,42634,54.48477590845157,56.36599710287622,2,BENIGN
541,92341,75.84250178691111,45.06864749389131,1,BENIGN
998,18887,75.4107680316164,67.20560387522534,3,BENIGN
1208,48945,1.794567856849183,58.35569673248185,3,BENIGN
1264,58032,12.625378279261346,52.57562195591349,4,BENIGN
968,92224,65.96293663947422,24.952436683824864,3,BENIGN
500,91759,16.161981128587144,0.20185177482339167,1,DDoS
771,33162,25.54933446556047,17.408167531142926,1,BENIGN
791,75813,94.66379541996072,11.706604142416865,2,BENIGN
964,87363,56.01822583749119,44.90847450109467,2,BENIGN
948,95856,75.07295069993472,61.22581507618447,2,BENIGN
1316,60561,55.798073878263985,21.308500868480817,3,DDoS
429,75518,55.25136147827252,93.90570959671871,3,BENIGN
922,66772,9.41519101256979,0.6682129223887778,4,BENIGN
295,34932,34.3663192609103,77.23010151653429,2,BENIGN
748,32066,28.24308986865117,62.52047695304422,0,BENIGN
489,72645,39.07283656136132,37.35548010476819,4,BENIGN
49,13087,79.83441882243282,5.048894441240792,0,BENIGN
863,37411,37.19326679168648,62.74865717842793,3,BENIGN
837,31675,45.16968192316827,38.56135128656481,4,BENIGN
1305,63952,39.73813904853165,93.62671394132191,4,DDoS
1314,1107,9.340797197529561,54.19900748897659,1,BENIGN
916,71081,44.10721582507837,93.96515112935082,3,BENIGN
1068,76342,19.560927304451504,22.04836934733041,3,DDoS
1182,47617,18.672329577304147,72.57259103641033,4,BENIGN
1055,29357,9.403610443426636,61.72490208487257,3,BENIGN
413,87372,35.667097414176475,73.94082298313118,4,BENIGN
1128,42307,75.74818847894174,21.466786397253678,1,DDoS
185,13381,27.644169058339607,66.49945162377738,4,BENIGN
263,61346,31.234910188551357,49.8040393056869,3,BENIGN
1302,1535,64.26746576724236,74.28249749063163,3,BENIGN
216,98975,19.58408125869189,32.704464415181775,4,BENIGN
892,91457,89.69579304235343,89.00570254652526,4,BENIGN
1345,26760,52.01905232515544,8.430131461135037,4,BENIGN
102,5184,44.7602940320217,80.7189318791188,2,BENIGN
1280,82297,55.78201919292014,86.13196258150909,3,BENIGN
866,13607,16.603431341619547,81.72523113668213,3,DDoS
834,72695,61.34731386391763,51.272639426177605,2,BENIGN
728,83907,36.31007366340104,43.83849800307613,4,BENIGN
144,45639,89.7186340964619,99.62622865248768,1,BENIGN
1162,7591,16.885420667768614,22.917195121416214,4,BENIGN
550,50292,50.705110386544106,54.68759658760446,4,BENIGN
424,80495,59.8112629369018,67.06755253823256,2,BENIGN
444,63988,3.3383601786381223,70.08676358614319,3,BENIGN
862,73709,36.369312475614024,20.40246657385787,4,BENIGN
557,9177,73.26352347008329,65.39940923398012,3,BENIGN
515,21053,82.03775074489734,81.83695664813374,0,BENIGN
748,77019,31.316199481728233,5.001857682111222,3,BENIGN
810,67989,79.85932723827513,91.15212933253164,1,BENIGN
1086,23921,96.77558771033888,2.950405514520593,1,BENIGN
1036,37667,85.6873936075094,35.59710324883943,4,BENIGN
716,24960,11.76439881593252,1.5813196232962068,3,BENIGN
753,21295,73.97303320855406,7.7145168539581865,4,BENIGN
122,77575,31.966683244054472,91.1168285180079,2,BENIGN
1208,90974,98.84159894120765,35.48608307461478,1,BENIGN
1148,87366,48.53589831598871,42.477153042505286,4,BENIGN
1141,21527,12.243389835894103,21.53443813825526,2,BENIGN
496,27183,72.51855480273908,59.70957701867198,4,DDoS
40,87146,32.30111983862138,59.480321467778964,3,BENIGN
90,57472,99.70781570816617,37.22003918252192,3,DDoS
724,44164,97.97824578545219,33.30348718053984,3,BENIGN
756,7913,65.61340180205806,88.49643081805878,3,BENIGN
488,31698,12.982644895171758,38.328423964220136,0,BENIGN
920,93206,68.68609976750291,49.35009921544082,2,BENIGN
527,27182,9.30304864600272,28.330476242493063,2,BENIGN
73,29341,2.9364159102392318,78.67695033571273,3,BENIGN
1411,96314,82.2958446221486,39.74481568990916,0,BENIGN
134,44669,20.975294768368137,51.36110465443245,3,BENIGN
1135,11845,37.90271262190974,25.335717005966142,0,BENIGN
193,26129,97.34573899761732,98.76595923412518,3,BENIGN
289,13125,33.684050186110326,29.149574092372287,1,BENIGN
713,14388,29.648978128331528,77.07425309055516,1,DDoS
477,89286,91.82079996227752,42.74956503567592,4,BENIGN
157,6640,11.074844531895812,20.62174050841399,3,BENIGN
810,97868,75.95824101146317,79.97187639648612,2,BENIGN
1369,82058,98.8065566652774,33.36067890290432,4,BENIGN
307,68978,90.12960107746488,86.5193347397811,1,BENIGN
1117,41946,65.1667918706426,91.5257184917823,3,BENIGN
275,76032,31.406079499273197,85.9823835391276,4,BENIGN
428,17582,25.43219811783167,3.500791480680565,3,BENIGN
1029,23511,81.92551048714611,78.73733450051056,1,BENIGN
802,51075,87.98219139516952,41.133946649914385,4,DDoS
440,60645,52.54349125456928,87.37229201822251,1,BENIGN
663,78897,24.433994078646613,63.795426268473875,0,BENIGN
806,52407,11.294320841117356,83.36431341439584,1,BENIGN
1366,3193,8.717946783183116,49.94317698668353,3,BENIGN
958,77358,71.90774473538556,53.502550459893286,2,BENIGN
1270,22142,42.0118727847725,14.438763213366723,1,BENIGN
1292,53030,90.53598742778703,78.39873586893555,2,BENIGN
892,44513,73.96713007267637,41.93896116669716,0,BENIGN
617,93723,19.12604179145867,50.00801182715826,4,BENIGN
114,97983,61.377741881569904,78.50977140957076,4,BENIGN
474,33856,43.550545439815934,59.8845400079439,2,BENIGN
142,53368,57.72497307686131,20.109872744266745,4,BENIGN
1485,39314,73.80691233385171,59.023265915089276,1,BENIGN
803,81971,80.61958810037908,40.76328579796558,2,BENIGN
777,28702,84.37373264067243,46.95255420438627,3,BENIGN
845,53431,25.397487457202473,2.8311274402667785,1,BENIGN
1369,49001,3.1115599917357684,21.00293495162816,1,BENIGN
137,63516,73.92947351647732,28.103808138102828,1,BENIGN
837,32296,10.634372625577459,71.29600078588058,3,BENIGN
1398,5726,31.491958861296766,1.1492473298115313,0,BENIGN
898,7524,0.38171341243471435,40.8777261229132,4,BENIGN
474,12957,68.166948240162,92.40268704257329,2,BENIGN
486,20082,16.713201147122124,11.188061654912385,0,BENIGN
1371,77061,65.52824096916582,51.642438821861106,2,BENIGN
288,2080,99.17426171678389,78.65223823908471,4,BENIGN
205,48390,7.267087161001628,94.25313075201167,3,BENIGN
1023,26531,7.707801195146069,74.67766395337179,1,BENIGN
1398,85076,34.03800926666749,72.05655486444061,1,BENIGN
1059,82811,86.6386514251342,82.64880901957625,3,BENIGN
581,26485,21.552986879133186,44.62012209775437,0,BENIGN
798,38258,36.037781993034756,80.58445326178331,0,BENIGN
1169,23119,6.8505406626979575,0.7964404745451126,2,DDoS
120,18739,76.31552912588894,92.45610553768049,3,BENIGN
172,85630,40.83063427594511,44.33065095171753,0,DDoS
836,21663,75.92487330608428,55.338018786574764,3,BENIGN
939,39441,90.3607844346795,25.48822489148823,4,BENIGN
177,5876,23.276314710128876,74.25308328404215,1,BENIGN
223,36544,80.73960303399514,7.663580647524881,1,BENIGN
1464,69016,5.909389007825327,87.26358025468353,1,BENIGN
1393,8811,89.88473881802473,82.81168290063428,3,BENIGN
824,74418,65.07685475587473,21.60601162447664,3,BENIGN
1023,83070,87.42267241383516,80.93243982852624,2,BENIGN
108,85653,0.018839955658189744,78.63577330614815,1,BENIGN
585,30807,16.90810703559925,63.2216597753949,2,BENIGN
92,39210,38.975938742649205,37.352017689968754,1,BENIGN
244,61888,37.950290337471856,27.149875418186788,2,BENIGN
165,82979,22.673038292351066,23.178359028935002,2,DDoS
82,38927,38.16119398672001,31.860896276360716,4,BENIGN
150,5755,12.884871200025483,90.35584434325304,2,DDoS
800,44959,41.27611292660261,7.764077598878128,3,BENIGN
1246,53725,80.23543291592642,82.88712762529586,2,BENIGN
887,52198,47.90700631033512,34.88900750418236,1,BENIGN
134,15351,1.8000088945214987,52.15993960113582,2,BENIGN
1437,626,42.14440415792474,79.44856336484906,0,BENIGN
939,68860,2.717501609084416,88.43765470229712,1,BENIGN
399,47937,96.62434107067982,34.4781420072647,0,BENIGN
939,11636,12.745395942286898,46.18434812751103,1,BENIGN
320,28641,70.76883263306188,41.45160648167923,3,BENIGN
1258,79183,97.27763228920858,1.3251033503910548,3,BENIGN
1258,51127,82.60390516665719,29.59428888586566,3,BENIGN
706,34631,69.93153751262037,45.918923373256185,0,BENIGN
132,8812,83.9460909500767,41.10936088804398,4,BENIGN
711,65555,98.17986932606276,72.19292275156795,1,BENIGN
100,74844,62.13444972535296,38.480361722110324,3,BENIGN
673,5209,55.918480682932646,48.937644897067024,1,BENIGN
1114,49368,62.82381104632814,42.96085921323633,0,BENIGN
1466,54715,53.2675886761555,74.06261488943706,4,BENIGN
1068,82603,63.50891059097188,86.29723989869625,0,BENIGN
643,29859,44.98422079725592,53.18890790075142,1,BENIGN
721,85808,21.84431828833071,78.94321941951912,4,DDoS
573,60212,12.024722651167563,29.678668201985058,4,DDoS
1468,26689,6.834093553226039,54.13696101572687,0,BENIGN
877,30115,26.331578375320007,34.52299536699724,3,BENIGN
684,29109,4.6123564335733835,41.42009255718303,1,BENIGN
272,83409,56.71707799193856,73.24138648126686,2,BENIGN
563,62146,28.382844702352028,88.16624823327128,2,BENIGN
385,26243,82.45348080870322,12.14953910877654,0,BENIGN
1109,6254,7.424087298838645,63.46392564873805,1,DDoS
585,21904,22.635149434148595,58.21438075777985,1,BENIGN
1141,41788,73.02461470901459,11.841503917593188,0,BENIGN
1136,64388,59.88082963834914,21.189433044010908,1,BENIGN
833,51295,6.449127124916753,31.100249473268025,3,BENIGN
288,20681,87.72394571622004,16.693107081750146,0,BENIGN
86,52748,87.72617628261796,24.372948252434178,3,DDoS
1184,30187,33.040800387577384,26.76007988617075,1,BENIGN
253,50030,34.04058433495647,33.56738330390596,0,BENIGN
278,33081,98.90283583501738,74.9390452801159,1,BENIGN
1119,69398,62.61761715931382,57.19122038506007,0,BENIGN
389,46267,53.13165205680591,98.62466719514015,1,BENIGN
146,75404,83.81521835519244,41.4735826967471,3,BENIGN
870,43508,28.529033835731642,75.3865073836925,3,BENIGN
87,39599,42.91825933963569,87.14684213765338,1,BENIGN
376,52369,26.777667548833417,67.8978493038042,0,BENIGN
1089,38659,78.91608465887315,41.1864740417496,2,BENIGN
843,74419,57.3349345635218,75.35946307457529,3,BENIGN
1320,95417,65.88250701400705,20.366713777268487,3,BENIGN
47,96447,25.230724983940654,32.75521651801324,2,BENIGN
664,48887,22.02253013773151,54.66852550992888,1,BENIGN
1316,35588,48.83746289829387,57.54093872861483,0,BENIGN
758,74541,73.75657490928268,2.2141475472629457,1,BENIGN
342,74763,52.523975752016014,94.51141887560087,4,BENIGN
678,22531,3.2645677545668605,69.662727121739,3,BENIGN
95,61781,86.85515063202888,49.57037502318911,4,BENIGN
765,63583,6.468689351513158,93.31272344083084,3,BENIGN
565,49253,95.58244837207522,43.90955652508285,3,BENIGN
513,6468,2.5141958277272725,98.04355702703718,4,BENIGN
67,27524,69.44504561307087,51.22847572434851,4,BENIGN
117,45104,8.220706371178165,11.428576999797945,1,BENIGN
1279,83969,91.06765794351396,76.48009724592772,4,BENIGN
1449,88752,46.443323622554274,67.88977250778404,1,BENIGN
404,57085,13.752377481701538,77.29867213055867,1,BENIGN
705,50169,34.08156997898466,95.1442028725681,1,BENIGN
565,52426,16.482467534676204,77.64893026510181,3,BENIGN
738,81161,17.058191155709,61.133660221664684,3,BENIGN
1375,23498,94.81083201714422,85.7308902360841,4,BENIGN
922,98493,44.52461122847882,67.32464393545315,3,BENIGN
1070,50961,78.88022639053595,40.81190568259231,4,BENIGN
1066,75997,63.960556117768185,88.56197642417733,3,BENIGN
958,82005,67.64263623383923,22.190046078437287,0,DDoS
789,68677,13.169343847203852,71.46412749087241,0,DDoS
402,65741,23.418444681548568,88.1563454940757,4,BENIGN
1337,9178,78.67503351544369,73.13165197032963,3,BENIGN
845,25103,97.0766206474783,69.72754190538569,3,BENIGN
778,62868,26.26756425986517,75.26382940718361,1,BENIGN
1078,51147,27.156876475103985,46.50552483006444,2,BENIGN
1255,71726,47.289713281090485,87.4170682157026,4,BENIGN
524,57760,98.38403128554378,20.34364751360912,2,BENIGN
67,49886,26.895894582647106,12.73864160003393,2,BENIGN
753,2025,40.69719096342639,28.550878011851154,4,BENIGN
1102,84076,89.14800156235067,53.157739677499315,3,BENIGN
1336,26115,0.29210326213620075,51.05617954093381,4,DDoS
1294,33420,3.9765964988569547,82.05987576765867,2,BENIGN
125,64981,60.40716770712192,40.45686564040174,3,BENIGN
165,90927,90.7380164712847,48.434442629150865,0,DDoS
851,26389,23.885666040192767,1.3367683259395635,4,BENIGN
576,3489,46.9641774680709,40.973923644293905,4,BENIGN
184,25783,45.04653016578183,64.77742329503421,3,BENIGN
1275,13729,47.297134609551016,1.5508330626592182,0,BENIGN
64,61650,62.25196957297452,28.088196518624375,0,BENIGN
1457,24926,46.974376299068375,20.795635928938992,3,BENIGN
106,26730,44.74681413224578,4.198542890958823,1,BENIGN
272,98862,47.42884204312605,47.92600899145375,4,BENIGN
148,46263,59.086744127104154,18.17232932281565,4,BENIGN
1209,98611,53.70074883513583,74.30815396313801,2,DDoS
150,66535,85.41359976505044,84.79278837633485,3,BENIGN
267,11753,4.9496853493666615,54.55851826691478,2,BENIGN
150,28061,83.33170714730124,98.17073425211416,2,BENIGN
73,82041,84.3924612611724,45.04785714705953,0,BENIGN
662,74237,28.490802153096084,51.33682102249155,4,DDoS
1432,33762,46.285195501585065,98.92177539577501,2,BENIGN
787,98918,43.85384885374355,23.154843596504882,0,BENIGN
634,56546,21.850983435413028,94.25459396769052,3,BENIGN
464,21388,39.67968470863165,4.283755511911325,2,BENIGN
652,95181,4.438777217085443,44.638689026319476,4,BENIGN
731,36977,27.782207278173445,7.000351213306577,2,BENIGN
1345,15413,81.66821754507181,72.9234742913643,3,BENIGN
1383,80985,28.456230176289754,60.84089358800178,2,BENIGN
354,72815,81.82066687482475,70.66342634675964,4,BENIGN
916,10426,53.15994646044309,37.4480399968017,0,BENIGN
1440,1660,87.98626773611599,36.94819340313803,4,BENIGN
1352,79248,57.47795542644152,4.53192789608946,0,BENIGN
701,83286,2.966822306473982,34.99449395296398,1,DDoS
316,26845,67.54202075470891,92.92884022620595,4,BENIGN
663,31990,4.485356802356866,37.9226537180449,4,BENIGN
555,20122,45.0597018983134,83.13677062219699,3,BENIGN
1413,52679,92.9426694473114,84.2325504749934,2,BENIGN
882,70416,16.520393933785016,37.324115637923384,0,BENIGN
389,83947,38.98723529415441,63.19886803961891,0,BENIGN
862,28480,72.98603088484784,9.537160227305863,3,BENIGN
1200,2456,88.22585560948475,10.36785807342765,3,BENIGN
798,70426,67.09430047425079,4.865766366171331,2,BENIGN
938,92547,25.81732541911692,58.10150933751095,2,BENIGN
282,89999,67.46078529162162,42.607097762609705,4,BENIGN
582,20149,29.672764110409,54.80323566642401,1,BENIGN
1103,75817,71.84292298187353,52.10731905083878,2,DDoS
268,16182,95.40331275850406,35.02029910907303,3,BENIGN
587,761,72.13934511062882,67.7473414823473,2,BENIGN
959,37512,86.28805029124123,75.85018809163907,0,BENIGN
1286,3020,0.2103843175883413,1.4628258877675715,1,BENIGN
45,91294,71.75721247315944,20.72422997688783,4,BENIGN
1385,60415,82.95875568652504,71.32358680833369,0,BENIGN
507,79661,4.055873754468142,38.66201726338342,0,BENIGN
114,9046,87.15977272882306,66.24839469416082,1,BENIGN
43,94342,25.669422831004585,34.696265973455844,4,BENIGN
685,45600,66.52921019780553,39.07551523296371,3,BENIGN
157,16409,80.03548790234066,15.867887368968493,4,BENIGN
920,55330,66.26645130593555,25.823101966616,2,BENIGN
543,98756,9.228479207325723,60.541175750758725,0,BENIGN
986,30127,59.63215188603683,43.31631113151664,2,DDoS
613,72641,54.95836567221436,77.43026829445951,3,BENIGN
233,59421,90.03212680742715,85.25849549383427,2,BENIGN
886,1056,40.42397296442092,54.164641821675986,4,BENIGN
754,74231,32.108109708705015,75.82672920560591,2,DDoS
1455,48008,74.98507644364662,30.690451319457,3,BENIGN
1089,78439,41.267532608339664,41.49712154000782,3,DDoS
1498,26063,64.6096175005063,71.2777676216831,3,BENIGN
212,39543,64.64500901246069,38.62119928170307,4,BENIGN
1363,99359,88.80390643601179,58.85049351589888,3,DDoS
365,39163,59.869240231909735,18.53727790825115,0,BENIGN
1473,80918,50.21536099619869,59.9771314970498,3,BENIGN
1181,4803,13.8871326396517,86.15137072268936,2,BENIGN
